project_key,kartnr,project_description,region,bidding_zones,decision_phase,motivation,planned_year_min,planned_year_max,planned_year_raw,in_or_out_of_service,country,source_doc_key,source_page,extraction_run_id,confidence_tier
svk_nbn_31075,31075,Porjus ny 400 kV-station,Region Norrbotten,SE1,under_consideration,connection,2034,2034,2034,in_service,SE,svk_nup_2026_2035,72,2026-05-03-svk-nup-10ar-v1,observed
svk_nbn_31083,31083,Gällivare ny 400 kV-station,Region Norrbotten,SE1,under_consideration,connection,2034,2034,2034,in_service,SE,svk_nup_2026_2035,72,2026-05-03-svk-nup-10ar-v1,observed
svk_nbn_31089,31089,Porjusberget–Porjus förstärkningsåtgärd,Region Norrbotten,SE1,under_consideration,system_reinforcement,2034,2034,2034,in_service,SE,svk_nup_2026_2035,72,2026-05-03-svk-nup-10ar-v1,observed
svk_nbn_31679,31679,Kiruna ny 400 kV-station,Region Norrbotten,SE1,under_consideration,connection,2034,2034,2034,in_service,SE,svk_nup_2026_2035,72,2026-05-03-svk-nup-10ar-v1,observed
svk_nbn_31683,31683,Kiruna–Gällivare ny 400 kV-ledning,Region Norrbotten,SE1,under_consideration,connection,2034,2034,2034,in_service,SE,svk_nup_2026_2035,72,2026-05-03-svk-nup-10ar-v1,observed
svk_nbn_31635,31635,Aurora Line 2 ny förbindelse SE1–Finland,Region Norrbotten,SE1,under_consideration,market_integration,2036,2036,2036,in_service,SE,svk_nup_2026_2035,72,2026-05-03-svk-nup-10ar-v1,observed
svk_nbn_31079,31079,Ligga–Porjus ny 400 kV-ledning,Region Norrbotten,SE1,under_consideration,connection,2037,2037,2037,in_service,SE,svk_nup_2026_2035,72,2026-05-03-svk-nup-10ar-v1,observed
svk_nbn_30901,30901,Ligga–Vargfors (Malånäset) ledningsförnyelse,Region Norrbotten,SE1,under_consideration,reinvestment,2037,2037,2037,in_service,SE,svk_nup_2026_2035,72,2026-05-03-svk-nup-10ar-v1,observed
svk_nbn_31095,31095,Ligga–Grundfors ledningsförnyelse,Region Norrbotten,SE1,under_consideration,system_reinforcement,2038,2038,2038,in_service,SE,svk_nup_2026_2035,72,2026-05-03-svk-nup-10ar-v1,observed
svk_nbn_10089,10089,Råbäcken–Stornorrfors ny 400 kV-ledning,Region Norrbotten,SE1,under_consideration,system_reinforcement,2039,2039,2039,in_service,SE,svk_nup_2026_2035,72,2026-05-03-svk-nup-10ar-v1,observed
svk_nbn_31087,31087,Norska gränsen–Porjusberget temperaturuppgradering,Region Norrbotten,SE1,under_consideration,system_reinforcement,2043,2043,2043,in_service,SE,svk_nup_2026_2035,72,2026-05-03-svk-nup-10ar-v1,observed
svk_nbn_31190,31190,Letsi stationsförnyelse,Region Norrbotten,SE1,preparation,reinvestment,2026,2026,2026,in_service,SE,svk_nup_2026_2035,72,2026-05-03-svk-nup-10ar-v1,observed
svk_nbn_10894,10894,Letsi–Svartbyn ny 400 kV-ledning,Region Norrbotten,SE1,preparation,system_reinforcement,2028,2028,2028,in_service,SE,svk_nup_2026_2035,72,2026-05-03-svk-nup-10ar-v1,observed
svk_nbn_31541,31541,Naalojärvi ny 400 kV-station,Region Norrbotten,SE1,preparation,connection,2029,2029,2029,in_service,SE,svk_nup_2026_2035,72,2026-05-03-svk-nup-10ar-v1,observed
svk_nbn_31761,31761,Vietas stationsförnyelse,Region Norrbotten,SE1,preparation,reinvestment,2029,2029,2029,in_service,SE,svk_nup_2026_2035,72,2026-05-03-svk-nup-10ar-v1,observed
svk_nbn_31826,31826,Isovaara SC-stationsförnyelse,Region Norrbotten,SE1,preparation,system_reinforcement,2029,2029,2029,in_service,SE,svk_nup_2026_2035,72,2026-05-03-svk-nup-10ar-v1,observed
svk_nbn_31989,31989,Pålkem ny 400 kV-station,Region Norrbotten,SE1,preparation,connection,2029,2029,2029,in_service,SE,svk_nup_2026_2035,72,2026-05-03-svk-nup-10ar-v1,observed
svk_nbn_31687,31687,Naalojärvi–Messaure ny 400 kV-ledning,Region Norrbotten,SE1,preparation,connection,2031,2031,2031,in_service,SE,svk_nup_2026_2035,72,2026-05-03-svk-nup-10ar-v1,observed
svk_nbn_31093,31093,Porjusberget–Ligga förstärkningsåtgärd,Region Norrbotten,SE1,preparation,system_reinforcement,2032,2032,2032,in_service,SE,svk_nup_2026_2035,72,2026-05-03-svk-nup-10ar-v1,observed
svk_nbn_31894,31894,Harsprånget–Porjusberget ledningsförnyelse,Region Norrbotten,SE1,preparation,system_reinforcement,2033,2033,2033,in_service,SE,svk_nup_2026_2035,72,2026-05-03-svk-nup-10ar-v1,observed
svk_nbn_31302,31302,Ligga stationsförnyelse,Region Norrbotten,SE1,construction,reinvestment,2026,2026,2026,in_service,SE,svk_nup_2026_2035,72,2026-05-03-svk-nup-10ar-v1,observed
svk_nbn_31106,31106,Hällmyran ny 400 kV-station,Region Norrbotten,SE1,construction,connection,2029,2029,2029,in_service,SE,svk_nup_2026_2035,72,2026-05-03-svk-nup-10ar-v1,observed
svk_nbn_31134,31134,Porjusberget–Naalojärvi ny 400 kV-ledning,Region Norrbotten,SE1,construction,connection,2029,2029,2029,in_service,SE,svk_nup_2026_2035,72,2026-05-03-svk-nup-10ar-v1,observed
svk_nbn_31315,31315,Svartbyn–Hällmyran två nya 400 kV-ledningar,Region Norrbotten,SE1,construction,connection,2029,2029,2029,in_service,SE,svk_nup_2026_2035,72,2026-05-03-svk-nup-10ar-v1,observed
svk_nbn_31754,31754,Svartbyn stationsförnyelse,Region Norrbotten,SE1,construction,reinvestment,2029,2029,2029,in_service,SE,svk_nup_2026_2035,72,2026-05-03-svk-nup-10ar-v1,observed
svk_vbn_30973,30973,Tuggen stationsförnyelse,Region Västerbotten,SE1;SE2,under_consideration,reinvestment,2031,2031,2031,in_service,SE,svk_nup_2026_2035,74,2026-05-03-svk-nup-10ar-v1,observed
svk_vbn_30897,30897,Grundfors–Storfinnforsen ledningsförnyelse,Region Västerbotten,SE1;SE2,under_consideration,reinvestment,2037,2037,2037,in_service,SE,svk_nup_2026_2035,74,2026-05-03-svk-nup-10ar-v1,observed
svk_vbn_30904,30904,Grundfors–Ramsele ledningsförnyelse,Region Västerbotten,SE1;SE2,under_consideration,reinvestment,2039,2039,2039,in_service,SE,svk_nup_2026_2035,74,2026-05-03-svk-nup-10ar-v1,observed
svk_vbn_10089,10089,Råbäcken–Stornorrfors ny 400 kV-ledning,Region Västerbotten,SE1;SE2,under_consideration,system_reinforcement,2039,2039,2039,in_service,SE,svk_nup_2026_2035,74,2026-05-03-svk-nup-10ar-v1,observed
svk_vbn_29900,29900,Stornorrfors–Hjälta ledningsförnyelse,Region Västerbotten,SE1;SE2,under_consideration,reinvestment,2043,2043,2043,in_service,SE,svk_nup_2026_2035,74,2026-05-03-svk-nup-10ar-v1,observed
svk_vbn_31467,31467,Spänningshöjning av 220kV-ledning SE2–NO4,Region Västerbotten,SE1;SE2,under_consideration,market_integration,2045,2045,2045,in_service,SE,svk_nup_2026_2035,74,2026-05-03-svk-nup-10ar-v1,observed
svk_vbn_30248,30248,Vargfors (Malånäset) stationsförnyelse,Region Västerbotten,SE1;SE2,preparation,reinvestment,2029,2029,2029,in_service,SE,svk_nup_2026_2035,74,2026-05-03-svk-nup-10ar-v1,observed
svk_vbn_30817,30817,Malånäset–Högnäs ny 400 kV-ledning,Region Västerbotten,SE1;SE2,preparation,system_reinforcement,2029,2029,2029,in_service,SE,svk_nup_2026_2035,74,2026-05-03-svk-nup-10ar-v1,observed
svk_vbn_30830,30830,Högnäs stationsutbyggnad,Region Västerbotten,SE1;SE2,preparation,system_reinforcement,2029,2029,2029,in_service,SE,svk_nup_2026_2035,74,2026-05-03-svk-nup-10ar-v1,observed
svk_vbn_30311,30311,Lidmyran ny 400 kV-station,Region Västerbotten,SE1;SE2,preparation,connection,2031,2031,2031,in_service,SE,svk_nup_2026_2035,74,2026-05-03-svk-nup-10ar-v1,observed
svk_vbn_30753,30753,Stornorrfors stationsförnyelse,Region Västerbotten,SE1;SE2,construction,reinvestment,2027,2027,2027,in_service,SE,svk_nup_2026_2035,74,2026-05-03-svk-nup-10ar-v1,observed
svk_vnl_29725,29725,Degerforsen stationsförnyelse,Region Västernorrland,SE2,under_consideration,reinvestment,2031,2031,2031,in_service,SE,svk_nup_2026_2035,76,2026-05-03-svk-nup-10ar-v1,observed
svk_vnl_29750,29750,Nysäter stationsförnyelse,Region Västernorrland,SE2,under_consideration,reinvestment,2033,2033,2033,in_service,SE,svk_nup_2026_2035,76,2026-05-03-svk-nup-10ar-v1,observed
svk_vnl_29176,29176,Hjälta delförnyelse,Region Västernorrland,SE2,under_consideration,reinvestment,2034,2034,2034,in_service,SE,svk_nup_2026_2035,76,2026-05-03-svk-nup-10ar-v1,observed
svk_vnl_29880,29880,Långbjörn–avgrening till Degerforsen ledningsförnyelse,Region Västernorrland,SE2,under_consideration,reinvestment,2036,2036,2036,in_service,SE,svk_nup_2026_2035,76,2026-05-03-svk-nup-10ar-v1,observed
svk_vnl_30897,30897,Grundfors–Storfinnforsen ledningsförnyelse,Region Västernorrland,SE2,under_consideration,reinvestment,2037,2037,2037,in_service,SE,svk_nup_2026_2035,76,2026-05-03-svk-nup-10ar-v1,observed
svk_vnl_29921,29921,Kilforsen–Hjälta ledningsförnyelse,Region Västernorrland,SE2,under_consideration,reinvestment,2038,2038,2038,in_service,SE,svk_nup_2026_2035,76,2026-05-03-svk-nup-10ar-v1,observed
svk_vnl_29925,29925,Ramsele–Storfinnforsen ledningsförnyelse,Region Västernorrland,SE2,under_consideration,reinvestment,2038,2038,2038,in_service,SE,svk_nup_2026_2035,76,2026-05-03-svk-nup-10ar-v1,observed
svk_vnl_29233,29233,Nämforsen stationsförnyelse,Region Västernorrland,SE2,under_consideration,reinvestment,2039,2039,2039,in_service,SE,svk_nup_2026_2035,76,2026-05-03-svk-nup-10ar-v1,observed
svk_vnl_29758,29758,Turinge stationsförnyelse,Region Västernorrland,SE2,under_consideration,reinvestment,2039,2039,2039,in_service,SE,svk_nup_2026_2035,76,2026-05-03-svk-nup-10ar-v1,observed
svk_vnl_30904,30904,Grundfors–Ramsele ledningsförnyelse,Region Västernorrland,SE2,under_consideration,reinvestment,2039,2039,2039,in_service,SE,svk_nup_2026_2035,76,2026-05-03-svk-nup-10ar-v1,observed
svk_vnl_29748,29748,Moliden stationsförnyelse,Region Västernorrland,SE2,under_consideration,reinvestment,2040,2040,2040,in_service,SE,svk_nup_2026_2035,76,2026-05-03-svk-nup-10ar-v1,observed
svk_vnl_29978,29978,Storfinnforsen–Bäsna–Hallsberg nya dubbla 400 kV-ledningar,Region Västernorrland,SE2,under_consideration,reinvestment,2041,2041,2041,in_service,SE,svk_nup_2026_2035,76,2026-05-03-svk-nup-10ar-v1,observed
svk_vnl_29443,29443,Helgum–Hjälta ledningsförnyelse,Region Västernorrland,SE2,under_consideration,reinvestment,2042,2042,2042,in_service,SE,svk_nup_2026_2035,76,2026-05-03-svk-nup-10ar-v1,observed
svk_vnl_29868,29868,Långbjörn–Linnvasselv inklusive avgrening till Junsterforsen ledningsförnyelse,Region Västernorrland,SE2,under_consideration,reinvestment,2042,2042,2042,in_service,SE,svk_nup_2026_2035,76,2026-05-03-svk-nup-10ar-v1,observed
svk_vnl_29900,29900,Stornorrfors–Hjälta ledningsförnyelse,Region Västernorrland,SE2,under_consideration,reinvestment,2043,2043,2043,in_service,SE,svk_nup_2026_2035,76,2026-05-03-svk-nup-10ar-v1,observed
svk_vnl_29690,29690,Hjälta/Nässe utbyggnad 400 kV-station och anslutning till Odensala 400 kV-station,Region Västernorrland,SE2,under_consideration,system_reinforcement,2031,2031,2031,in_service,SE,svk_nup_2026_2035,76,2026-05-03-svk-nup-10ar-v1,observed
svk_vnl_29910,29910,Ramsele–Kilforsen kapacitetsuppgradering 400 kV,Region Västernorrland,SE2,under_consideration,system_reinforcement,2031,2031,2031,in_service,SE,svk_nup_2026_2035,76,2026-05-03-svk-nup-10ar-v1,observed
svk_vnl_28900,28900,Stadsforsen–Torpshammar ledningsrivning,Region Västernorrland,SE2,under_consideration,reinvestment,2032,2032,2032,out_of_service,SE,svk_nup_2026_2035,76,2026-05-03-svk-nup-10ar-v1,observed
svk_vnl_28905,28905,Stadsforsen–Hällsjö ledningsrivning,Region Västernorrland,SE2,under_consideration,reinvestment,2032,2032,2032,out_of_service,SE,svk_nup_2026_2035,76,2026-05-03-svk-nup-10ar-v1,observed
svk_vnl_29903,29903,Nässe–Vattjom nya dubbla 400 kV-ledningar,Region Västernorrland,SE2,under_consideration,reinvestment,2032,2032,2032,in_service,SE,svk_nup_2026_2035,76,2026-05-03-svk-nup-10ar-v1,observed
svk_vnl_29917,29917,Vattjom ny 400 kV-station,Region Västernorrland,SE2,under_consideration,system_reinforcement,2032,2032,2032,in_service,SE,svk_nup_2026_2035,76,2026-05-03-svk-nup-10ar-v1,observed
svk_vnl_29923,29923,Nässe anslutning mot Jälla,Region Västernorrland,SE2,under_consideration,system_reinforcement,2032,2032,2032,in_service,SE,svk_nup_2026_2035,76,2026-05-03-svk-nup-10ar-v1,observed
svk_vnl_28937,28937,Kilforsen–Utanede nya dubbla 400 kV-ledningar,Region Västernorrland,SE2,under_consideration,reinvestment,2033,2033,2033,in_service,SE,svk_nup_2026_2035,76,2026-05-03-svk-nup-10ar-v1,observed
svk_vnl_29028,29028,Hällsjö och Vattjom anslutning av 220 kV-ledning,Region Västernorrland,SE2,under_consideration,system_reinforcement,2033,2033,2033,in_service,SE,svk_nup_2026_2035,76,2026-05-03-svk-nup-10ar-v1,observed
svk_vnl_29848,29848,Stadsforsen–Hölleforsen–Järkvissle ledningsförnyelse,Region Västernorrland,SE2,under_consideration,reinvestment,2033,2033,2033,in_service,SE,svk_nup_2026_2035,76,2026-05-03-svk-nup-10ar-v1,observed
svk_vnl_29920,29920,Vattjom–Njutånger två nya 400 kV-ledningar,Region Västernorrland,SE2,under_consideration,reinvestment,2033,2033,2033,in_service,SE,svk_nup_2026_2035,76,2026-05-03-svk-nup-10ar-v1,observed
svk_vnl_29495,29495,Bräcke–Ånge ny 220 kV-ledning,Region Västernorrland,SE2,under_consideration,reinvestment,2034,2034,2034,in_service,SE,svk_nup_2026_2035,76,2026-05-03-svk-nup-10ar-v1,observed
svk_vnl_29951,29951,Utanede–Fallviken nya dubbla 400 kV-ledningar,Region Västernorrland,SE2,under_consideration,reinvestment,2034,2034,2034,in_service,SE,svk_nup_2026_2035,76,2026-05-03-svk-nup-10ar-v1,observed
svk_vnl_28969,28969,Midskog–Malsjö nya dubbla 400 kV-ledningar,Region Västernorrland,SE2,under_consideration,reinvestment,2035,2035,2035,in_service,SE,svk_nup_2026_2035,76,2026-05-03-svk-nup-10ar-v1,observed
svk_vnl_29027,29027,Järkvissle–Hällsjö ledningsrivning,Region Västernorrland,SE2,under_consideration,reinvestment,2035,2035,2035,out_of_service,SE,svk_nup_2026_2035,76,2026-05-03-svk-nup-10ar-v1,observed
svk_vnl_29854,29854,Forsmo–Lasele–Långbjörn ledningsförnyelse,Region Västernorrland,SE2,under_consideration,reinvestment,2036,2036,2036,in_service,SE,svk_nup_2026_2035,76,2026-05-03-svk-nup-10ar-v1,observed
svk_vnl_29904,29904,Forsse–Stadsforsen ledningsrivning,Region Västernorrland,SE2,preparation,reinvestment,2027,2027,2027,out_of_service,SE,svk_nup_2026_2035,76,2026-05-03-svk-nup-10ar-v1,observed
svk_vnl_29582,29582,Helgum stationsåtgärder,Region Västernorrland,SE2,preparation,connection,2028,2028,2028,in_service,SE,svk_nup_2026_2035,76,2026-05-03-svk-nup-10ar-v1,observed
svk_vnl_29729,29729,Forsmo stationsförnyelse,Region Västernorrland,SE2,preparation,reinvestment,2028,2028,2028,in_service,SE,svk_nup_2026_2035,76,2026-05-03-svk-nup-10ar-v1,observed
svk_vnl_29747,29747,Moforsen stationsförnyelse,Region Västernorrland,SE2,preparation,reinvestment,2028,2028,2028,in_service,SE,svk_nup_2026_2035,76,2026-05-03-svk-nup-10ar-v1,observed
svk_vnl_29901,29901,Hjälta–Nysäter ledningsrivning,Region Västernorrland,SE2,preparation,reinvestment,2028,2028,2028,out_of_service,SE,svk_nup_2026_2035,76,2026-05-03-svk-nup-10ar-v1,observed
svk_vnl_29907,29907,Hällsjö–Söderala ledningsrivning,Region Västernorrland,SE2,preparation,reinvestment,2028,2028,2028,out_of_service,SE,svk_nup_2026_2035,76,2026-05-03-svk-nup-10ar-v1,observed
svk_vnl_29909,29909,Betåsen–Nässe ny 400 kV-ledning,Region Västernorrland,SE2,preparation,reinvestment,2028,2028,2028,in_service,SE,svk_nup_2026_2035,76,2026-05-03-svk-nup-10ar-v1,observed
svk_vnl_29744,29744,Lasele stationsförnyelse,Region Västernorrland,SE2,preparation,reinvestment,2030,2030,2030,in_service,SE,svk_nup_2026_2035,76,2026-05-03-svk-nup-10ar-v1,observed
svk_vnl_27902,27902,Nysäter–Njutånger ledningsrivning,Region Västernorrland,SE2,preparation,reinvestment,2031,2031,2031,out_of_service,SE,svk_nup_2026_2035,76,2026-05-03-svk-nup-10ar-v1,observed
svk_vnl_29018,29018,Bandsjö ny 400 kV-station,Region Västernorrland,SE2,preparation,connection,2031,2031,2031,in_service,SE,svk_nup_2026_2035,76,2026-05-03-svk-nup-10ar-v1,observed
svk_vnl_29603,29603,Moliden delförnyelse,Region Västernorrland,SE2,construction,reinvestment,2026,2026,2026,in_service,SE,svk_nup_2026_2035,76,2026-05-03-svk-nup-10ar-v1,observed
svk_vnl_29760,29760,Vaple stationsförnyelse,Region Västernorrland,SE2,construction,reinvestment,2026,2026,2026,in_service,SE,svk_nup_2026_2035,76,2026-05-03-svk-nup-10ar-v1,observed
svk_vnl_29071,29071,Kilforsen stationsförnyelse,Region Västernorrland,SE2,construction,reinvestment,2028,2028,2028,in_service,SE,svk_nup_2026_2035,76,2026-05-03-svk-nup-10ar-v1,observed
svk_vnl_29911,29911,Nässe ny 400 kV-station,Region Västernorrland,SE2,construction,connection,2028,2028,2028,in_service,SE,svk_nup_2026_2035,76,2026-05-03-svk-nup-10ar-v1,observed
svk_jmt_10967,10967,Linnvasselv stationsförnyelse,Region Jämtland Härjedalen,SE2,under_consideration,reinvestment,2030,2030,2030,in_service,SE,svk_nup_2026_2035,80,2026-05-03-svk-nup-10ar-v1,observed
svk_jmt_28845,28845,Krångede stationsförnyelse,Region Jämtland Härjedalen,SE2,under_consideration,reinvestment,2033,2033,2033,in_service,SE,svk_nup_2026_2035,80,2026-05-03-svk-nup-10ar-v1,observed
svk_jmt_28847,28847,Sällsjö stationsförnyelse,Region Jämtland Härjedalen,SE2,under_consideration,reinvestment,2033,2033,2033,in_service,SE,svk_nup_2026_2035,80,2026-05-03-svk-nup-10ar-v1,observed
svk_jmt_28352,28352,Järpströmmen stationsförnyelse,Region Jämtland Härjedalen,SE2,under_consideration,reinvestment,2035,2035,2035,in_service,SE,svk_nup_2026_2035,80,2026-05-03-svk-nup-10ar-v1,observed
svk_jmt_30897,30897,Grundfors–Storfinnforsen ledningsförnyelse,Region Jämtland Härjedalen,SE2,under_consideration,reinvestment,2037,2037,2037,in_service,SE,svk_nup_2026_2035,80,2026-05-03-svk-nup-10ar-v1,observed
svk_jmt_30904,30904,Grundfors–Ramsele ledningsförnyelse,Region Jämtland Härjedalen,SE2,under_consideration,reinvestment,2039,2039,2039,in_service,SE,svk_nup_2026_2035,80,2026-05-03-svk-nup-10ar-v1,observed
svk_jmt_29978,29978,Storfinnforsen–Bäsna–Hallsberg nya dubbla 400 kV-ledningar,Region Jämtland Härjedalen,SE2,under_consideration,reinvestment,2041,2041,2041,in_service,SE,svk_nup_2026_2035,80,2026-05-03-svk-nup-10ar-v1,observed
svk_jmt_29868,29868,Långbjörn–Linnvasselv inklusive avgrening till Junsterforsen ledningsförnyelse,Region Jämtland Härjedalen,SE2,under_consideration,reinvestment,2042,2042,2042,in_service,SE,svk_nup_2026_2035,80,2026-05-03-svk-nup-10ar-v1,observed
svk_jmt_29904,29904,Forsse–Stadsforsen ledningsrivning,Region Jämtland Härjedalen,SE2,preparation,reinvestment,2027,2027,2027,out_of_service,SE,svk_nup_2026_2035,80,2026-05-03-svk-nup-10ar-v1,observed
svk_jmt_28521,28521,Korsselbränna stationsförnyelse och utbyggnad,Region Jämtland Härjedalen,SE2,preparation,reinvestment,2028,2028,2028,in_service,SE,svk_nup_2026_2035,80,2026-05-03-svk-nup-10ar-v1,observed
svk_jmt_28816,28816,Åsbacken ny 400 kV-station,Region Jämtland Härjedalen,SE2,preparation,connection,2029,2029,2029,in_service,SE,svk_nup_2026_2035,80,2026-05-03-svk-nup-10ar-v1,observed
svk_jmt_28980,28980,Rätan kraftstation stationsförnyelse,Region Jämtland Härjedalen,SE2,preparation,reinvestment,2029,2029,2029,in_service,SE,svk_nup_2026_2035,80,2026-05-03-svk-nup-10ar-v1,observed
svk_jmt_28827,28827,Krångede–Gammelänge ledningsförnyelse,Region Jämtland Härjedalen,SE2,preparation,reinvestment,2030,2030,2030,in_service,SE,svk_nup_2026_2035,80,2026-05-03-svk-nup-10ar-v1,observed
svk_jmt_28830,28830,Stadsforsen–Hammarstrand–Krångede ledningsförnyelse,Region Jämtland Härjedalen,SE2,preparation,reinvestment,2030,2030,2030,in_service,SE,svk_nup_2026_2035,80,2026-05-03-svk-nup-10ar-v1,observed
svk_jmt_28913,28913,Stadsforsen stationsförnyelse,Region Jämtland Härjedalen,SE2,preparation,reinvestment,2031,2031,2031,in_service,SE,svk_nup_2026_2035,80,2026-05-03-svk-nup-10ar-v1,observed
svk_jmt_27960,27960,Ånge–Ljusdal ledningsrivning,Region Jämtland Härjedalen,SE2,preparation,reinvestment,2032,2032,2032,out_of_service,SE,svk_nup_2026_2035,80,2026-05-03-svk-nup-10ar-v1,observed
svk_jmt_28900,28900,Stadsforsen–Torpshammar ledningsrivning,Region Jämtland Härjedalen,SE2,preparation,reinvestment,2032,2032,2032,out_of_service,SE,svk_nup_2026_2035,80,2026-05-03-svk-nup-10ar-v1,observed
svk_jmt_28905,28905,Stadsforsen–Hällsjö ledningsrivning,Region Jämtland Härjedalen,SE2,preparation,reinvestment,2032,2032,2032,out_of_service,SE,svk_nup_2026_2035,80,2026-05-03-svk-nup-10ar-v1,observed
svk_jmt_28918,28918,Utanede ny 400 kV-station,Region Jämtland Härjedalen,SE2,preparation,system_reinforcement,2032,2032,2032,in_service,SE,svk_nup_2026_2035,80,2026-05-03-svk-nup-10ar-v1,observed
svk_jmt_29903,29903,Nässe–Vattjom nya dubbla 400 kV-ledningar,Region Jämtland Härjedalen,SE2,preparation,reinvestment,2032,2032,2032,in_service,SE,svk_nup_2026_2035,80,2026-05-03-svk-nup-10ar-v1,observed
svk_jmt_28937,28937,Kilforsen–Utanede nya dubbla 400 kV-ledningar,Region Jämtland Härjedalen,SE2,preparation,reinvestment,2033,2033,2033,in_service,SE,svk_nup_2026_2035,80,2026-05-03-svk-nup-10ar-v1,observed
svk_jmt_28938,28938,Krångede–Bräcke ledningsrivning,Region Jämtland Härjedalen,SE2,preparation,reinvestment,2034,2034,2034,out_of_service,SE,svk_nup_2026_2035,80,2026-05-03-svk-nup-10ar-v1,observed
svk_jmt_29495,29495,Bräcke–Ånge ny 220 kV-ledning,Region Jämtland Härjedalen,SE2,preparation,reinvestment,2034,2034,2034,in_service,SE,svk_nup_2026_2035,80,2026-05-03-svk-nup-10ar-v1,observed
svk_jmt_28777,28777,Ismunden–Järpströmmen ny 400 kV-ledning,Region Jämtland Härjedalen,SE2,preparation,system_reinforcement,2035,2035,2035,in_service,SE,svk_nup_2026_2035,80,2026-05-03-svk-nup-10ar-v1,observed
svk_jmt_28969,28969,Midskog–Malsjö nya dubbla 400 kV-ledningar,Region Jämtland Härjedalen,SE2,preparation,reinvestment,2035,2035,2035,in_service,SE,svk_nup_2026_2035,80,2026-05-03-svk-nup-10ar-v1,observed
svk_jmt_28982,28982,Ismunden ny 400 kV-station,Region Jämtland Härjedalen,SE2,preparation,system_reinforcement,2035,2035,2035,in_service,SE,svk_nup_2026_2035,80,2026-05-03-svk-nup-10ar-v1,observed
svk_jmt_28985,28985,Midskog–Kättbo ledningsrivning,Region Jämtland Härjedalen,SE2,preparation,reinvestment,2038,2038,2038,out_of_service,SE,svk_nup_2026_2035,80,2026-05-03-svk-nup-10ar-v1,observed
svk_jmt_24714,24714,Olingan och Gräsmark SC-stationer,Region Jämtland Härjedalen,SE2,construction,system_reinforcement,2026,2026,2026,in_service,SE,svk_nup_2026_2035,80,2026-05-03-svk-nup-10ar-v1,observed
svk_jmt_28939,28939,Hammarstrand ny 220 kV-station,Region Jämtland Härjedalen,SE2,construction,connection,2027,2027,2027,in_service,SE,svk_nup_2026_2035,80,2026-05-03-svk-nup-10ar-v1,observed
svk_jmt_28965,28965,Midskog stationsutbyggnad,Region Jämtland Härjedalen,SE2,construction,connection,2028,2028,2028,in_service,SE,svk_nup_2026_2035,80,2026-05-03-svk-nup-10ar-v1,observed
svk_gvl_27290,27290,Finnböle (Fenno-Skan 2) delförnyelse,Region Gävleborg,SE2;SE3,under_consideration,reinvestment,2033,2033,2033,in_service,SE,svk_nup_2026_2035,82,2026-05-03-svk-nup-10ar-v1,observed
svk_gvl_27930,27930,Vittersjö EK3 rivning seriekompenseringsstation,Region Gävleborg,SE2;SE3,under_consideration,reinvestment,2034,2034,2034,out_of_service,SE,svk_nup_2026_2035,82,2026-05-03-svk-nup-10ar-v1,observed
svk_gvl_29978,29978,Storfinnforsen–Bäsna–Hallsberg nya dubbla 400 kV-ledningar,Region Gävleborg,SE2;SE3,under_consideration,reinvestment,2041,2041,2041,in_service,SE,svk_nup_2026_2035,82,2026-05-03-svk-nup-10ar-v1,observed
svk_gvl_27929,27929,Söderala stationsrivning,Region Gävleborg,SE2;SE3,under_consideration,reinvestment,2035,2035,2035,out_of_service,SE,svk_nup_2026_2035,82,2026-05-03-svk-nup-10ar-v1,observed
svk_gvl_28969,28969,Midskog–Malsjö nya dubbla 400 kV-ledningar,Region Gävleborg,SE2;SE3,under_consideration,reinvestment,2035,2035,2035,in_service,SE,svk_nup_2026_2035,82,2026-05-03-svk-nup-10ar-v1,observed
svk_gvl_27857,27857,Enån ny 400 kV-station,Region Gävleborg,SE2;SE3,preparation,system_reinforcement,2028,2028,2028,in_service,SE,svk_nup_2026_2035,82,2026-05-03-svk-nup-10ar-v1,observed
svk_gvl_27863,27863,Ånge–Laforsen ledningsrivning,Region Gävleborg,SE2;SE3,preparation,reinvestment,2028,2028,2028,out_of_service,SE,svk_nup_2026_2035,82,2026-05-03-svk-nup-10ar-v1,observed
svk_gvl_27959,27959,Laforsen–Horndal ledningsrivning,Region Gävleborg,SE2;SE3,preparation,reinvestment,2028,2028,2028,out_of_service,SE,svk_nup_2026_2035,82,2026-05-03-svk-nup-10ar-v1,observed
svk_gvl_29907,29907,Hällsjö–Söderala ledningsrivning,Region Gävleborg,SE2;SE3,preparation,reinvestment,2028,2028,2028,out_of_service,SE,svk_nup_2026_2035,82,2026-05-03-svk-nup-10ar-v1,observed
svk_gvl_27873,27873,Grönviken–Fallviken ny 400 kV-ledning,Region Gävleborg,SE2;SE3,preparation,system_reinforcement,2029,2029,2029,in_service,SE,svk_nup_2026_2035,82,2026-05-03-svk-nup-10ar-v1,observed
svk_gvl_24858,24858,Fallviken–Horndal nya dubbla 400 kV-ledningar,Region Gävleborg,SE2;SE3,preparation,system_reinforcement,2030,2030,2030,in_service,SE,svk_nup_2026_2035,82,2026-05-03-svk-nup-10ar-v1,observed
svk_gvl_27925,27925,Söderala–Valbo ledningsrivning,Region Gävleborg,SE2;SE3,preparation,reinvestment,2030,2030,2030,out_of_service,SE,svk_nup_2026_2035,82,2026-05-03-svk-nup-10ar-v1,observed
svk_gvl_27874,27874,Fallviken ny 400 kV-station,Region Gävleborg,SE2;SE3,preparation,system_reinforcement,2031,2031,2031,in_service,SE,svk_nup_2026_2035,82,2026-05-03-svk-nup-10ar-v1,observed
svk_gvl_27902,27902,Nysäter–Njutånger ledningsrivning,Region Gävleborg,SE2;SE3,preparation,reinvestment,2031,2031,2031,out_of_service,SE,svk_nup_2026_2035,82,2026-05-03-svk-nup-10ar-v1,observed
svk_gvl_27966,27966,Grönviken stationsutbyggnad (externt projekt),Region Gävleborg,SE2;SE3,preparation,system_reinforcement,2031,2031,2031,in_service,SE,svk_nup_2026_2035,82,2026-05-03-svk-nup-10ar-v1,observed
svk_gvl_27861,27861,Ockelbo stationsrivning,Region Gävleborg,SE2;SE3,preparation,reinvestment,2032,2032,2032,out_of_service,SE,svk_nup_2026_2035,82,2026-05-03-svk-nup-10ar-v1,observed
svk_gvl_27869,27869,Dönje stationsrivning,Region Gävleborg,SE2;SE3,preparation,reinvestment,2032,2032,2032,out_of_service,SE,svk_nup_2026_2035,82,2026-05-03-svk-nup-10ar-v1,observed
svk_gvl_27939,27939,Ljusdal–Dönje ledningsrivning,Region Gävleborg,SE2;SE3,preparation,reinvestment,2032,2032,2032,out_of_service,SE,svk_nup_2026_2035,82,2026-05-03-svk-nup-10ar-v1,observed
svk_gvl_27948,27948,Laforsen stationsrivning,Region Gävleborg,SE2;SE3,preparation,reinvestment,2032,2032,2032,out_of_service,SE,svk_nup_2026_2035,82,2026-05-03-svk-nup-10ar-v1,observed
svk_gvl_27960,27960,Ånge–Ljusdal ledningsrivning,Region Gävleborg,SE2;SE3,preparation,reinvestment,2032,2032,2032,out_of_service,SE,svk_nup_2026_2035,82,2026-05-03-svk-nup-10ar-v1,observed
svk_gvl_27962,27962,Ljusdal stationsrivning,Region Gävleborg,SE2;SE3,preparation,reinvestment,2032,2032,2032,out_of_service,SE,svk_nup_2026_2035,82,2026-05-03-svk-nup-10ar-v1,observed
svk_gvl_27903,27903,Njutånger–Ängsberg ledningsrivning,Region Gävleborg,SE2;SE3,preparation,reinvestment,2033,2033,2033,out_of_service,SE,svk_nup_2026_2035,82,2026-05-03-svk-nup-10ar-v1,observed
svk_gvl_27957,27957,Ockelbo–Horndal ledningsrivning,Region Gävleborg,SE2;SE3,preparation,reinvestment,2033,2033,2033,out_of_service,SE,svk_nup_2026_2035,82,2026-05-03-svk-nup-10ar-v1,observed
svk_gvl_29920,29920,Vattjom–Njutånger två nya 400 kV-ledningar,Region Gävleborg,SE2;SE3,preparation,reinvestment,2033,2033,2033,in_service,SE,svk_nup_2026_2035,82,2026-05-03-svk-nup-10ar-v1,observed
svk_gvl_27927,27927,Valbo–Untra ledningsrivning,Region Gävleborg,SE2;SE3,preparation,reinvestment,2033,2034,2033-2034,out_of_service,SE,svk_nup_2026_2035,82,2026-05-03-svk-nup-10ar-v1,observed
svk_gvl_27882,27882,Stackbo och Valbo stationsrivningar,Region Gävleborg,SE2;SE3,preparation,reinvestment,2034,2034,2034,out_of_service,SE,svk_nup_2026_2035,82,2026-05-03-svk-nup-10ar-v1,observed
svk_gvl_29951,29951,Utanede–Fallviken nya dubbla 400 kV-ledningar,Region Gävleborg,SE2;SE3,preparation,reinvestment,2034,2034,2034,in_service,SE,svk_nup_2026_2035,82,2026-05-03-svk-nup-10ar-v1,observed
svk_gvl_27924,27924,Njutånger–Mehedeby nya dubbla 400 kV-ledningar,Region Gävleborg,SE2;SE3,preparation,reinvestment,2035,2035,2035,in_service,SE,svk_nup_2026_2035,82,2026-05-03-svk-nup-10ar-v1,observed
svk_gvl_24767,24767,Tovåsen och Gustafs seriekompensering,Region Gävleborg,SE2;SE3,construction,system_reinforcement,2027,2027,2027,in_service,SE,svk_nup_2026_2035,82,2026-05-03-svk-nup-10ar-v1,observed
svk_gvl_27914,27914,Njutånger ny 400 kV-station,Region Gävleborg,SE2;SE3,construction,system_reinforcement,2027,2027,2027,in_service,SE,svk_nup_2026_2035,82,2026-05-03-svk-nup-10ar-v1,observed
svk_gvl_27526,27526,Vittersjö EK5 seriekompensering,Region Gävleborg,SE2;SE3,construction,system_reinforcement,2029,2029,2029,in_service,SE,svk_nup_2026_2035,82,2026-05-03-svk-nup-10ar-v1,observed
svk_orb_21855,21855,Stationsåtgärder för spänningshöjning av ledning Himmeta–Karlslund,Regionerna Örebro län Dalarna och Värmland,SE2;SE3,under_consideration,system_reinforcement,2027,2027,2027,in_service,SE,svk_nup_2026_2035,86,2026-05-03-svk-nup-10ar-v1,observed
svk_orb_24719,24719,Djurmo EK2 och EK4 rivning seriekompenseringsstation,Regionerna Örebro län Dalarna och Värmland,SE2;SE3,under_consideration,reinvestment,2028,2028,2028,out_of_service,SE,svk_nup_2026_2035,86,2026-05-03-svk-nup-10ar-v1,observed
svk_orb_27167,27167,Horndal stationsåtgärder,Regionerna Örebro län Dalarna och Värmland,SE2;SE3,under_consideration,connection,2030,2030,2030,in_service,SE,svk_nup_2026_2035,86,2026-05-03-svk-nup-10ar-v1,observed
svk_orb_24674,24674,Horndal–Starfors ledningsrivning,Regionerna Örebro län Dalarna och Värmland,SE2;SE3,under_consideration,reinvestment,2030,2031,2030-2031,out_of_service,SE,svk_nup_2026_2035,86,2026-05-03-svk-nup-10ar-v1,observed
svk_orb_24971,24971,Morgårdshammar stationsförnyelse,Regionerna Örebro län Dalarna och Värmland,SE2;SE3,under_consideration,reinvestment,2033,2033,2033,in_service,SE,svk_nup_2026_2035,86,2026-05-03-svk-nup-10ar-v1,observed
svk_orb_25628,25628,Borgvik–Skogssäter ledningsförnyelse,Regionerna Örebro län Dalarna och Värmland,SE2;SE3,under_consideration,reinvestment,2035,2035,2035,in_service,SE,svk_nup_2026_2035,86,2026-05-03-svk-nup-10ar-v1,observed
svk_orb_24983,24983,Kättbo rivning seriekompenseringsstation,Regionerna Örebro län Dalarna och Värmland,SE2;SE3,under_consideration,reinvestment,2036,2036,2036,out_of_service,SE,svk_nup_2026_2035,86,2026-05-03-svk-nup-10ar-v1,observed
svk_orb_24980,24980,Helgbo och Snösjön EK1 rivning seriekompenseringsstation,Regionerna Örebro län Dalarna och Värmland,SE2;SE3,under_consideration,system_reinforcement,2037,2037,2037,out_of_service,SE,svk_nup_2026_2035,86,2026-05-03-svk-nup-10ar-v1,observed
svk_orb_24690,24690,Forssjön–Krylbo ledningsförnyelse,Regionerna Örebro län Dalarna och Värmland,SE2;SE3,under_consideration,reinvestment,2038,2038,2038,in_service,SE,svk_nup_2026_2035,86,2026-05-03-svk-nup-10ar-v1,observed
svk_orb_29978,29978,Storfinnforsen–Bäsna–Hallsberg nya dubbla 400 kV-ledningar,Regionerna Örebro län Dalarna och Värmland,SE2;SE3,under_consideration,reinvestment,2041,2041,2041,in_service,SE,svk_nup_2026_2035,86,2026-05-03-svk-nup-10ar-v1,observed
svk_orb_24850,24850,Avesta stationsförnyelse,Regionerna Örebro län Dalarna och Värmland,SE2;SE3,preparation,reinvestment,2030,2030,2030,in_service,SE,svk_nup_2026_2035,86,2026-05-03-svk-nup-10ar-v1,observed
svk_orb_24856,24856,Horndal ny 400 kV-station,Regionerna Örebro län Dalarna och Värmland,SE2;SE3,preparation,system_reinforcement,2030,2030,2030,in_service,SE,svk_nup_2026_2035,86,2026-05-03-svk-nup-10ar-v1,observed
svk_orb_24858,24858,Fallviken–Horndal nya dubbla 400 kV-ledningar,Regionerna Örebro län Dalarna och Värmland,SE2;SE3,preparation,system_reinforcement,2030,2030,2030,in_service,SE,svk_nup_2026_2035,86,2026-05-03-svk-nup-10ar-v1,observed
svk_orb_26404,26404,Hallsberg ny STATCOM,Regionerna Örebro län Dalarna och Värmland,SE2;SE3,preparation,system_reinforcement,2030,2030,2030,in_service,SE,svk_nup_2026_2035,86,2026-05-03-svk-nup-10ar-v1,observed
svk_orb_24876,24876,Horndal–Munga nya dubbla 400 kV-ledningar,Regionerna Örebro län Dalarna och Värmland,SE2;SE3,preparation,reinvestment,2031,2031,2031,in_service,SE,svk_nup_2026_2035,86,2026-05-03-svk-nup-10ar-v1,observed
svk_orb_17645,17645,Hallsberg–Timmersdala ledningsförnyelse,Regionerna Örebro län Dalarna och Värmland,SE2;SE3,preparation,reinvestment,2032,2032,2032,in_service,SE,svk_nup_2026_2035,86,2026-05-03-svk-nup-10ar-v1,observed
svk_orb_24578,24578,Bäsna–Repbäcken ny 400 kV-ledning,Regionerna Örebro län Dalarna och Värmland,SE2;SE3,preparation,connection,2032,2032,2032,in_service,SE,svk_nup_2026_2035,86,2026-05-03-svk-nup-10ar-v1,observed
svk_orb_26145,26145,Lindbacka stationsförnyelse,Regionerna Örebro län Dalarna och Värmland,SE2;SE3,preparation,reinvestment,2032,2032,2032,in_service,SE,svk_nup_2026_2035,86,2026-05-03-svk-nup-10ar-v1,observed
svk_orb_27886,27886,Untra stationsrivning,Regionerna Örebro län Dalarna och Värmland,SE2;SE3,preparation,reinvestment,2033,2033,2033,out_of_service,SE,svk_nup_2026_2035,86,2026-05-03-svk-nup-10ar-v1,observed
svk_orb_20928,20928,Untra–Horndal ledningsrivning,Regionerna Örebro län Dalarna och Värmland,SE2;SE3,preparation,reinvestment,2033,2034,2033-2034,out_of_service,SE,svk_nup_2026_2035,86,2026-05-03-svk-nup-10ar-v1,observed
svk_orb_25782,25782,Borgvik–Malsjö ny 400 kV-ledning,Regionerna Örebro län Dalarna och Värmland,SE2;SE3,preparation,reinvestment,2035,2035,2035,in_service,SE,svk_nup_2026_2035,86,2026-05-03-svk-nup-10ar-v1,observed
svk_orb_17633,17633,Hallsberg–Moholm–Timmersdala ny 400 kV-ledning,Regionerna Örebro län Dalarna och Värmland,SE2;SE3,preparation,system_reinforcement,2035,2035,2035,in_service,SE,svk_nup_2026_2035,86,2026-05-03-svk-nup-10ar-v1,observed
svk_orb_25970,25970,Malsjö ny 400 kV-station,Regionerna Örebro län Dalarna och Värmland,SE2;SE3,preparation,system_reinforcement,2035,2035,2035,in_service,SE,svk_nup_2026_2035,86,2026-05-03-svk-nup-10ar-v1,observed
svk_orb_28969,28969,Midskog–Malsjö nya dubbla 400 kV-ledningar,Regionerna Örebro län Dalarna och Värmland,SE2;SE3,preparation,reinvestment,2035,2035,2035,in_service,SE,svk_nup_2026_2035,86,2026-05-03-svk-nup-10ar-v1,observed
svk_orb_24986,24986,Kättbo–Borgvik ledningsrivning,Regionerna Örebro län Dalarna och Värmland,SE2;SE3,preparation,reinvestment,2038,2038,2038,out_of_service,SE,svk_nup_2026_2035,86,2026-05-03-svk-nup-10ar-v1,observed
svk_orb_28985,28985,Midskog–Kättbo ledningsrivning,Regionerna Örebro län Dalarna och Värmland,SE2;SE3,preparation,reinvestment,2038,2038,2038,out_of_service,SE,svk_nup_2026_2035,86,2026-05-03-svk-nup-10ar-v1,observed
svk_orb_24714,24714,Olingan och Gräsmark SC-stationer,Regionerna Örebro län Dalarna och Värmland,SE2;SE3,construction,system_reinforcement,2026,2026,2026,in_service,SE,svk_nup_2026_2035,86,2026-05-03-svk-nup-10ar-v1,observed
svk_orb_24982,24982,Tandö ny 400 kV-station,Regionerna Örebro län Dalarna och Värmland,SE2;SE3,construction,connection,2026,2026,2026,in_service,SE,svk_nup_2026_2035,86,2026-05-03-svk-nup-10ar-v1,observed
svk_orb_24522,24522,Kättbo SC-stationsförnyelse,Regionerna Örebro län Dalarna och Värmland,SE2;SE3,construction,system_reinforcement,2027,2027,2027,in_service,SE,svk_nup_2026_2035,86,2026-05-03-svk-nup-10ar-v1,observed
svk_orb_24676,24676,Horndal–Avesta ledningsförnyelse,Regionerna Örebro län Dalarna och Värmland,SE2;SE3,construction,reinvestment,2027,2027,2027,in_service,SE,svk_nup_2026_2035,86,2026-05-03-svk-nup-10ar-v1,observed
svk_orb_24735,24735,Horndal stationsförnyelse,Regionerna Örebro län Dalarna och Värmland,SE2;SE3,construction,reinvestment,2027,2027,2027,in_service,SE,svk_nup_2026_2035,86,2026-05-03-svk-nup-10ar-v1,observed
svk_orb_24767,24767,Tovåsen och Gustafs seriekompensering,Regionerna Örebro län Dalarna och Värmland,SE2;SE3,construction,system_reinforcement,2027,2027,2027,in_service,SE,svk_nup_2026_2035,86,2026-05-03-svk-nup-10ar-v1,observed
svk_orb_24003,24003,Horndal–Finnslätten öst ledningsrivning,Regionerna Örebro län Dalarna och Värmland,SE2;SE3,construction,reinvestment,2028,2028,2028,out_of_service,SE,svk_nup_2026_2035,86,2026-05-03-svk-nup-10ar-v1,observed
svk_orb_24301,24301,Bäsna stationsförnyelse,Regionerna Örebro län Dalarna och Värmland,SE2;SE3,construction,reinvestment,2028,2028,2028,in_service,SE,svk_nup_2026_2035,86,2026-05-03-svk-nup-10ar-v1,observed
svk_orb_24516,24516,Helgbo och Snösjön EK1 seriekompensering,Regionerna Örebro län Dalarna och Värmland,SE2;SE3,construction,system_reinforcement,2028,2028,2028,in_service,SE,svk_nup_2026_2035,86,2026-05-03-svk-nup-10ar-v1,observed
svk_orb_24662,24662,Loberget och Snösjön EK2 seriekompensering,Regionerna Örebro län Dalarna och Värmland,SE2;SE3,construction,system_reinforcement,2028,2028,2028,in_service,SE,svk_nup_2026_2035,86,2026-05-03-svk-nup-10ar-v1,observed
svk_sth_23383,23383,Hagby–Järva ledningsrivning,Region Stockholm,SE3,under_consideration,reinvestment,2031,2031,2031,out_of_service,SE,svk_nup_2026_2035,90,2026-05-03-svk-nup-10ar-v1,observed
svk_sth_20704,20704,Tuna–Edinge–Gråska ledningsförnyelse,Region Stockholm,SE3,under_consideration,system_reinforcement,2035,2035,2035,in_service,SE,svk_nup_2026_2035,90,2026-05-03-svk-nup-10ar-v1,observed
svk_sth_20889,20889,Plenninge–Odensala nya dubbla 400 kV-ledningar,Region Stockholm,SE3,preparation,reinvestment,2029,2029,2029,in_service,SE,svk_nup_2026_2035,90,2026-05-03-svk-nup-10ar-v1,observed
svk_sth_23746,23746,Malsta stationsförnyelse,Region Stockholm,SE3,preparation,reinvestment,2029,2029,2029,in_service,SE,svk_nup_2026_2035,90,2026-05-03-svk-nup-10ar-v1,observed
svk_sth_23017,23017,Kolbotten stationsförnyelse,Region Stockholm,SE3,preparation,reinvestment,2030,2030,2030,in_service,SE,svk_nup_2026_2035,90,2026-05-03-svk-nup-10ar-v1,observed
svk_sth_23807,23807,Kappetorp–Kronåsen ny 400 kV-ledning,Region Stockholm,SE3,preparation,system_reinforcement,2030,2030,2030,in_service,SE,svk_nup_2026_2035,90,2026-05-03-svk-nup-10ar-v1,observed
svk_sth_23808,23808,Beckomberga–Bredäng ny 400 kV-ledning (Ellevio),Region Stockholm,SE3,preparation,system_reinforcement,2030,2030,2030,in_service,SE,svk_nup_2026_2035,90,2026-05-03-svk-nup-10ar-v1,observed
svk_sth_23809,23809,Björksätra–Kolbotten ny 400 kV-ledning,Region Stockholm,SE3,preparation,system_reinforcement,2030,2030,2030,in_service,SE,svk_nup_2026_2035,90,2026-05-03-svk-nup-10ar-v1,observed
svk_sth_23476,23476,Hall–Hedenlunda ledningsförnyelse,Region Stockholm,SE3,preparation,system_reinforcement,2042,2042,2042,in_service,SE,svk_nup_2026_2035,90,2026-05-03-svk-nup-10ar-v1,observed
svk_sth_23632,23632,Granhammar–Runby ny 400 kV-mark- och sjökabel,Region Stockholm,SE3,preparation,system_reinforcement,,,under utredning,unknown,SE,svk_nup_2026_2035,90,2026-05-03-svk-nup-10ar-v1,observed
svk_sth_23634,23634,Granhammar och Runby nya 400 kV-terminalstationer,Region Stockholm,SE3,preparation,system_reinforcement,,,under utredning,unknown,SE,svk_nup_2026_2035,90,2026-05-03-svk-nup-10ar-v1,observed
svk_sth_23805,23805,Hamra–Kappetorp ny 400 kV-ledning,Region Stockholm,SE3,preparation,system_reinforcement,,,under utredning,unknown,SE,svk_nup_2026_2035,90,2026-05-03-svk-nup-10ar-v1,observed
svk_sth_23385,23385,Lindhov–Högdalen ledningsrivning,Region Stockholm,SE3,construction,reinvestment,2026,2026,2026,out_of_service,SE,svk_nup_2026_2035,90,2026-05-03-svk-nup-10ar-v1,observed
svk_sth_23880,23880,Odensala om- och utbyggnation av station,Region Stockholm,SE3,construction,system_reinforcement,2027,2027,2027,in_service,SE,svk_nup_2026_2035,90,2026-05-03-svk-nup-10ar-v1,observed
svk_sth_23100,23100,Anneberg stationsåtgärder,Region Stockholm,SE3,construction,system_reinforcement,2030,2030,2030,in_service,SE,svk_nup_2026_2035,90,2026-05-03-svk-nup-10ar-v1,observed
svk_sth_23162,23162,Kronåsen–Råcksta ny 400 kV-markkabel,Region Stockholm,SE3,construction,system_reinforcement,2030,2030,2030,in_service,SE,svk_nup_2026_2035,90,2026-05-03-svk-nup-10ar-v1,observed
svk_sth_23194,23194,Kronåsen ny 400 kV-station,Region Stockholm,SE3,construction,system_reinforcement,2030,2030,2030,in_service,SE,svk_nup_2026_2035,90,2026-05-03-svk-nup-10ar-v1,observed
svk_sth_23421,23421,Anneberg–Skanstull 400kV-kabel,Region Stockholm,SE3,construction,system_reinforcement,2030,2030,2030,in_service,SE,svk_nup_2026_2035,90,2026-05-03-svk-nup-10ar-v1,observed
svk_sth_23802,23802,Kappetorp ny 400 kV-station,Region Stockholm,SE3,construction,system_reinforcement,2030,2030,2030,in_service,SE,svk_nup_2026_2035,90,2026-05-03-svk-nup-10ar-v1,observed
svk_sth_23803,23803,Råcksta ny 400 kV-station,Region Stockholm,SE3,construction,system_reinforcement,2030,2030,2030,in_service,SE,svk_nup_2026_2035,90,2026-05-03-svk-nup-10ar-v1,observed
svk_sth_23804,23804,Björksätra ny 400 kV-station,Region Stockholm,SE3,construction,system_reinforcement,2030,2030,2030,in_service,SE,svk_nup_2026_2035,90,2026-05-03-svk-nup-10ar-v1,observed
svk_sth_23806,23806,Odensala–Kappetorp ny 400 kV-ledning,Region Stockholm,SE3,construction,system_reinforcement,2030,2030,2030,in_service,SE,svk_nup_2026_2035,90,2026-05-03-svk-nup-10ar-v1,observed
svk_srm_22458,22458,Hamra–Åker ledningsförnyelse,Regionerna Sörmland och Östergötland,SE3,preparation,system_reinforcement,2032,2032,2032,in_service,SE,svk_nup_2026_2035,92,2026-05-03-svk-nup-10ar-v1,observed
svk_srm_19669,19669,Hedenlunda–Glan ledningsförnyelse,Regionerna Sörmland och Östergötland,SE3,preparation,system_reinforcement,2033,2033,2033,in_service,SE,svk_nup_2026_2035,92,2026-05-03-svk-nup-10ar-v1,observed
svk_srm_22668,22668,Åker–Hedenlunda ledningsförnyelse,Regionerna Sörmland och Östergötland,SE3,preparation,system_reinforcement,2040,2040,2040,in_service,SE,svk_nup_2026_2035,92,2026-05-03-svk-nup-10ar-v1,observed
svk_srm_23476,23476,Hall–Hedenlunda ledningsförnyelse,Regionerna Sörmland och Östergötland,SE3,preparation,system_reinforcement,2042,2042,2042,in_service,SE,svk_nup_2026_2035,92,2026-05-03-svk-nup-10ar-v1,observed
svk_srm_22762,22762,Åker stationsförnyelse,Regionerna Sörmland och Östergötland,SE3,construction,reinvestment,2026,2026,2026,in_service,SE,svk_nup_2026_2035,92,2026-05-03-svk-nup-10ar-v1,observed
svk_srm_19065,19065,Kimstad stationsförnyelse,Regionerna Sörmland och Östergötland,SE3,construction,reinvestment,2027,2027,2027,in_service,SE,svk_nup_2026_2035,92,2026-05-03-svk-nup-10ar-v1,observed
svk_srm_19730,19730,Glan stationsförnyelse,Regionerna Sörmland och Östergötland,SE3,construction,reinvestment,2027,2027,2027,in_service,SE,svk_nup_2026_2035,92,2026-05-03-svk-nup-10ar-v1,observed
svk_vmd_21855,21855,Stationsåtgärder för spänningshöjning av ledning Himmeta–Karlslund,Regionerna Västmanland och Uppsala,SE3,under_consideration,system_reinforcement,2027,2027,2027,in_service,SE,svk_nup_2026_2035,94,2026-05-03-svk-nup-10ar-v1,observed
svk_vmd_24674,24674,Horndal–Starfors ledningsrivning,Regionerna Västmanland och Uppsala,SE3,under_consideration,reinvestment,2030,2031,2030-2031,out_of_service,SE,svk_nup_2026_2035,94,2026-05-03-svk-nup-10ar-v1,observed
svk_vmd_20704,20704,Tuna–Edinge–Gråska ledningsförnyelse,Regionerna Västmanland och Uppsala,SE3,under_consideration,system_reinforcement,2035,2035,2035,in_service,SE,svk_nup_2026_2035,94,2026-05-03-svk-nup-10ar-v1,observed
svk_vmd_20946,20946,Fenno–Skan totalförnyelse,Regionerna Västmanland och Uppsala,SE3,under_consideration,market_integration,2038,2038,2038,in_service,SE,svk_nup_2026_2035,94,2026-05-03-svk-nup-10ar-v1,observed
svk_vmd_20895,20895,Plenninge–Odensala ledningsrivning,Regionerna Västmanland och Uppsala,SE3,preparation,reinvestment,2028,2028,2028,out_of_service,SE,svk_nup_2026_2035,94,2026-05-03-svk-nup-10ar-v1,observed
svk_vmd_21852,21852,Munga ny 400 kV-station,Regionerna Västmanland och Uppsala,SE3,preparation,system_reinforcement,2028,2028,2028,in_service,SE,svk_nup_2026_2035,94,2026-05-03-svk-nup-10ar-v1,observed
svk_vmd_21860,21860,Munga–Hamra ny 400 kV-ledning,Regionerna Västmanland och Uppsala,SE3,preparation,reinvestment,2028,2028,2028,in_service,SE,svk_nup_2026_2035,94,2026-05-03-svk-nup-10ar-v1,observed
svk_vmd_21862,21862,Finnslätten–Arosverket–Bysingsberg ledningsrivning,Regionerna Västmanland och Uppsala,SE3,preparation,reinvestment,2028,2028,2028,out_of_service,SE,svk_nup_2026_2035,94,2026-05-03-svk-nup-10ar-v1,observed
svk_vmd_26859,26859,Munga–Bysingsberg ny 400 kV-ledning,Regionerna Västmanland och Uppsala,SE3,preparation,reinvestment,2028,2028,2028,in_service,SE,svk_nup_2026_2035,94,2026-05-03-svk-nup-10ar-v1,observed
svk_vmd_20881,20881,Plenninge ny 400 kV-station,Regionerna Västmanland och Uppsala,SE3,preparation,system_reinforcement,2029,2029,2029,in_service,SE,svk_nup_2026_2035,94,2026-05-03-svk-nup-10ar-v1,observed
svk_vmd_20889,20889,Plenninge–Odensala nya dubbla 400 kV-ledningar,Regionerna Västmanland och Uppsala,SE3,preparation,reinvestment,2029,2029,2029,in_service,SE,svk_nup_2026_2035,94,2026-05-03-svk-nup-10ar-v1,observed
svk_vmd_20892,20892,Bredåker–Plenninge ledningsrivning,Regionerna Västmanland och Uppsala,SE3,preparation,reinvestment,2029,2029,2029,out_of_service,SE,svk_nup_2026_2035,94,2026-05-03-svk-nup-10ar-v1,observed
svk_vmd_20021,20021,Tuna stationsförnyelse,Regionerna Västmanland och Uppsala,SE3,preparation,reinvestment,2030,2030,2030,in_service,SE,svk_nup_2026_2035,94,2026-05-03-svk-nup-10ar-v1,observed
svk_vmd_20879,20879,Jälla ny 400 kV-station,Regionerna Västmanland och Uppsala,SE3,preparation,system_reinforcement,2030,2030,2030,in_service,SE,svk_nup_2026_2035,94,2026-05-03-svk-nup-10ar-v1,observed
svk_vmd_20884,20884,Bredåker–Jälla ledningsförnyelse,Regionerna Västmanland och Uppsala,SE3,preparation,reinvestment,2030,2030,2030,in_service,SE,svk_nup_2026_2035,94,2026-05-03-svk-nup-10ar-v1,observed
svk_vmd_20890,20890,Bredåker–Jälla ny 220 kV-ledning,Regionerna Västmanland och Uppsala,SE3,preparation,reinvestment,2030,2030,2030,in_service,SE,svk_nup_2026_2035,94,2026-05-03-svk-nup-10ar-v1,observed
svk_vmd_20894,20894,Untra–Bredåker väst ledningsrivning,Regionerna Västmanland och Uppsala,SE3,preparation,reinvestment,2030,2030,2030,out_of_service,SE,svk_nup_2026_2035,94,2026-05-03-svk-nup-10ar-v1,observed
svk_vmd_20897,20897,Jälla–Plenninge nya dubbla 400 kV-ledningar,Regionerna Västmanland och Uppsala,SE3,preparation,system_reinforcement,2030,2030,2030,in_service,SE,svk_nup_2026_2035,94,2026-05-03-svk-nup-10ar-v1,observed
svk_vmd_20505,20505,Bredåker stationsförnyelse,Regionerna Västmanland och Uppsala,SE3,preparation,reinvestment,2031,2031,2031,in_service,SE,svk_nup_2026_2035,94,2026-05-03-svk-nup-10ar-v1,observed
svk_vmd_20883,20883,Mehedeby–Jälla nya dubbla 400 kV-ledningar,Regionerna Västmanland och Uppsala,SE3,preparation,reinvestment,2031,2031,2031,in_service,SE,svk_nup_2026_2035,94,2026-05-03-svk-nup-10ar-v1,observed
svk_vmd_20893,20893,Untra–Bredåker öst ledningsrivning,Regionerna Västmanland och Uppsala,SE3,preparation,reinvestment,2031,2031,2031,out_of_service,SE,svk_nup_2026_2035,94,2026-05-03-svk-nup-10ar-v1,observed
svk_vmd_23805,23805,Hamra–Kappetorp ny 400 kV-ledning,Regionerna Västmanland och Uppsala,SE3,preparation,system_reinforcement,2031,2031,2031,in_service,SE,svk_nup_2026_2035,94,2026-05-03-svk-nup-10ar-v1,observed
svk_vmd_24876,24876,Horndal–Munga nya dubbla 400 kV-ledningar,Regionerna Västmanland och Uppsala,SE3,preparation,reinvestment,2031,2031,2031,in_service,SE,svk_nup_2026_2035,94,2026-05-03-svk-nup-10ar-v1,observed
svk_vmd_21004,21004,Finnslätten–Hamra ledningsrivning,Regionerna Västmanland och Uppsala,SE3,preparation,reinvestment,2032,2032,2032,out_of_service,SE,svk_nup_2026_2035,94,2026-05-03-svk-nup-10ar-v1,observed
svk_vmd_21005,21005,Finnslätten stationsrivning,Regionerna Västmanland och Uppsala,SE3,preparation,reinvestment,2032,2032,2032,out_of_service,SE,svk_nup_2026_2035,94,2026-05-03-svk-nup-10ar-v1,observed
svk_vmd_21868,21868,Horndal–Finnslätten väst ledningsrivning,Regionerna Västmanland och Uppsala,SE3,preparation,reinvestment,2032,2032,2032,out_of_service,SE,svk_nup_2026_2035,94,2026-05-03-svk-nup-10ar-v1,observed
svk_vmd_22458,22458,Hamra–Åker ledningsförnyelse,Regionerna Västmanland och Uppsala,SE3,preparation,system_reinforcement,2032,2032,2032,in_service,SE,svk_nup_2026_2035,94,2026-05-03-svk-nup-10ar-v1,observed
svk_vmd_20867,20867,Hamra 220 kV-stationsrivning,Regionerna Västmanland och Uppsala,SE3,preparation,reinvestment,2033,2033,2033,out_of_service,SE,svk_nup_2026_2035,94,2026-05-03-svk-nup-10ar-v1,observed
svk_vmd_27886,27886,Untra stationsrivning,Regionerna Västmanland och Uppsala,SE3,preparation,reinvestment,2033,2033,2033,out_of_service,SE,svk_nup_2026_2035,94,2026-05-03-svk-nup-10ar-v1,observed
svk_vmd_29920,29920,Vattjom–Njutånger två nya 400 kV-ledningar,Regionerna Västmanland och Uppsala,SE3,preparation,reinvestment,2033,2033,2033,in_service,SE,svk_nup_2026_2035,94,2026-05-03-svk-nup-10ar-v1,observed
svk_vmd_20928,20928,Untra–Horndal ledningsrivning,Regionerna Västmanland och Uppsala,SE3,preparation,reinvestment,2033,2034,2033-2034,out_of_service,SE,svk_nup_2026_2035,94,2026-05-03-svk-nup-10ar-v1,observed
svk_vmd_27927,27927,Valbo–Untra ledningsrivning,Regionerna Västmanland och Uppsala,SE3,preparation,reinvestment,2033,2034,2033-2034,out_of_service,SE,svk_nup_2026_2035,94,2026-05-03-svk-nup-10ar-v1,observed
svk_vmd_20442,20442,Hamra förnyelse av SVS-anläggning,Regionerna Västmanland och Uppsala,SE3,construction,reinvestment,2026,2026,2026,in_service,SE,svk_nup_2026_2035,94,2026-05-03-svk-nup-10ar-v1,observed
svk_vmd_21855_constr,21855,Himmeta stationsförnyelse,Regionerna Västmanland och Uppsala,SE3,construction,system_reinforcement,2026,2026,2026,in_service,SE,svk_nup_2026_2035,94,2026-05-03-svk-nup-10ar-v1,observed
svk_vmd_20440,20440,Forsmark stationsförnyelse,Regionerna Västmanland och Uppsala,SE3,construction,reinvestment,2026,2027,2026-2027,in_service,SE,svk_nup_2026_2035,94,2026-05-03-svk-nup-10ar-v1,observed
svk_vmd_24676,24676,Horndal–Avesta ledningsförnyelse,Regionerna Västmanland och Uppsala,SE3,construction,reinvestment,2027,2027,2027,in_service,SE,svk_nup_2026_2035,94,2026-05-03-svk-nup-10ar-v1,observed
svk_vmd_24003,24003,Horndal–Finnslätten öst ledningsrivning,Regionerna Västmanland och Uppsala,SE3,construction,reinvestment,2028,2028,2028,out_of_service,SE,svk_nup_2026_2035,94,2026-05-03-svk-nup-10ar-v1,observed
svk_vmd_20811,20811,Hamra om- och utbyggnad,Regionerna Västmanland och Uppsala,SE3,construction,system_reinforcement,2030,2030,2030,in_service,SE,svk_nup_2026_2035,94,2026-05-03-svk-nup-10ar-v1,observed
svk_hal_18429,18429,Nordvära ny 400 kV-station,Region Halland och Västra Götalandsregionen,SE3;SE4,under_consideration,connection,2030,2030,2030,in_service,SE,svk_nup_2026_2035,98,2026-05-03-svk-nup-10ar-v1,observed
svk_hal_17853,17853,Uddebo ny 400 kV-station,Region Halland och Västra Götalandsregionen,SE3;SE4,under_consideration,connection,2031,2031,2031,in_service,SE,svk_nup_2026_2035,98,2026-05-03-svk-nup-10ar-v1,observed
svk_hal_25628,25628,Borgvik–Skogssäter ledningsförnyelse,Region Halland och Västra Götalandsregionen,SE3;SE4,under_consideration,reinvestment,2035,2035,2035,in_service,SE,svk_nup_2026_2035,98,2026-05-03-svk-nup-10ar-v1,observed
svk_hal_25631,25631,Skogssäter–Kilanda väst ledningsförnyelse,Region Halland och Västra Götalandsregionen,SE3;SE4,under_consideration,reinvestment,2038,2038,2038,in_service,SE,svk_nup_2026_2035,98,2026-05-03-svk-nup-10ar-v1,observed
svk_hal_18463,18463,Horred–Ringhals ledningsförnyelse,Region Halland och Västra Götalandsregionen,SE3;SE4,under_consideration,reinvestment,2043,2043,2043,in_service,SE,svk_nup_2026_2035,98,2026-05-03-svk-nup-10ar-v1,observed
svk_hal_18640,18640,Horred–Breared ledningsförnyelse,Region Halland och Västra Götalandsregionen,SE3;SE4,preparation,reinvestment,2028,2028,2028,in_service,SE,svk_nup_2026_2035,98,2026-05-03-svk-nup-10ar-v1,observed
svk_hal_17634,17634,Stenkullen–Horred ledningsförnyelse,Region Halland och Västra Götalandsregionen,SE3;SE4,preparation,reinvestment,2029,2029,2029,in_service,SE,svk_nup_2026_2035,98,2026-05-03-svk-nup-10ar-v1,observed
svk_hal_18722,18722,Breared stationsförnyelse,Region Halland och Västra Götalandsregionen,SE3;SE4,preparation,reinvestment,2029,2029,2029,in_service,SE,svk_nup_2026_2035,98,2026-05-03-svk-nup-10ar-v1,observed
svk_hal_17631,17631,Lunna ny 400 kV-station,Region Halland och Västra Götalandsregionen,SE3;SE4,preparation,system_reinforcement,2030,2030,2030,in_service,SE,svk_nup_2026_2035,98,2026-05-03-svk-nup-10ar-v1,observed
svk_hal_17514,17514,Skogssäter–Ingelkärr ny 400 kV-ledning,Region Halland och Västra Götalandsregionen,SE3;SE4,preparation,system_reinforcement,2031,2031,2031,in_service,SE,svk_nup_2026_2035,98,2026-05-03-svk-nup-10ar-v1,observed
svk_hal_17647,17647,Kilanda–Stenkullen ledningsförnyelse,Region Halland och Västra Götalandsregionen,SE3;SE4,preparation,reinvestment,2031,2031,2031,in_service,SE,svk_nup_2026_2035,98,2026-05-03-svk-nup-10ar-v1,observed
svk_hal_17645,17645,Hallsberg–Timmersdala ledningsförnyelse,Region Halland och Västra Götalandsregionen,SE3;SE4,preparation,reinvestment,2032,2032,2032,in_service,SE,svk_nup_2026_2035,98,2026-05-03-svk-nup-10ar-v1,observed
svk_hal_17646,17646,Timmersdala–Stenkullen ledningsförnyelse,Region Halland och Västra Götalandsregionen,SE3;SE4,preparation,reinvestment,2033,2033,2033,in_service,SE,svk_nup_2026_2035,98,2026-05-03-svk-nup-10ar-v1,observed
svk_hal_17633,17633,Hallsberg–Moholm–Timmersdala ny 400 kV-ledning,Region Halland och Västra Götalandsregionen,SE3;SE4,preparation,system_reinforcement,2035,2035,2035,in_service,SE,svk_nup_2026_2035,98,2026-05-03-svk-nup-10ar-v1,observed
svk_hal_17407,17407,Konti-Skan Connect,Region Halland och Västra Götalandsregionen,SE3;SE4,preparation,reinvestment,2036,2036,2036,in_service,SE,svk_nup_2026_2035,98,2026-05-03-svk-nup-10ar-v1,observed
svk_hal_11652,11652,Breared–Söderåsen ledningsförnyelse,Region Halland och Västra Götalandsregionen,SE3;SE4,construction,reinvestment,2026,2026,2026,in_service,SE,svk_nup_2026_2035,98,2026-05-03-svk-nup-10ar-v1,observed
svk_hal_17266,17266,Ingelkärr–Stenkullen ny 400 kV-ledning,Region Halland och Västra Götalandsregionen,SE3;SE4,construction,system_reinforcement,2026,2026,2026,in_service,SE,svk_nup_2026_2035,98,2026-05-03-svk-nup-10ar-v1,observed
svk_hal_17482,17482,Ingelkärr ny 400 kV-station,Region Halland och Västra Götalandsregionen,SE3;SE4,construction,system_reinforcement,2026,2026,2026,in_service,SE,svk_nup_2026_2035,98,2026-05-03-svk-nup-10ar-v1,observed
svk_hal_17619,17619,Skogssäter–Kilanda öst ledningsförnyelse,Region Halland och Västra Götalandsregionen,SE3;SE4,construction,reinvestment,2026,2026,2026,in_service,SE,svk_nup_2026_2035,98,2026-05-03-svk-nup-10ar-v1,observed
svk_hal_18897,18897,Häradsbo ny shuntkondensator,Region Halland och Västra Götalandsregionen,SE3;SE4,construction,system_reinforcement,2026,2026,2026,in_service,SE,svk_nup_2026_2035,98,2026-05-03-svk-nup-10ar-v1,observed
svk_krn_12434,12434,Ekhyddan och Hemsjö reaktorpaket,Regionerna Kronoberg Kalmar län Jönköpings län och Gotland,SE3;SE4,under_consideration,system_reinforcement,2028,2028,2028,in_service,SE,svk_nup_2026_2035,100,2026-05-03-svk-nup-10ar-v1,observed
svk_krn_14812,14812,Nordbalt delförnyelse,Regionerna Kronoberg Kalmar län Jönköpings län och Gotland,SE3;SE4,under_consideration,reinvestment,2037,2037,2037,in_service,SE,svk_nup_2026_2035,100,2026-05-03-svk-nup-10ar-v1,observed
svk_krn_14469,14469,Nybro–Hemsjö ledningsförnyelse,Regionerna Kronoberg Kalmar län Jönköpings län och Gotland,SE3;SE4,under_consideration,system_reinforcement,2040,2040,2040,in_service,SE,svk_nup_2026_2035,100,2026-05-03-svk-nup-10ar-v1,observed
svk_krn_14650,14650,Ekhyddan–Nybro ledningsförnyelse,Regionerna Kronoberg Kalmar län Jönköpings län och Gotland,SE3;SE4,under_consideration,system_reinforcement,2042,2042,2042,in_service,SE,svk_nup_2026_2035,100,2026-05-03-svk-nup-10ar-v1,observed
svk_krn_14792,14792,Ekhyddan–Nybro ny 400 kV-ledning,Regionerna Kronoberg Kalmar län Jönköpings län och Gotland,SE3;SE4,preparation,market_integration,2029,2029,2029,in_service,SE,svk_nup_2026_2035,100,2026-05-03-svk-nup-10ar-v1,observed
svk_krn_14073,14073,Misterhult ny 400 kV-station,Regionerna Kronoberg Kalmar län Jönköpings län och Gotland,SE3;SE4,preparation,system_reinforcement,2030,2030,2030,in_service,SE,svk_nup_2026_2035,100,2026-05-03-svk-nup-10ar-v1,observed
svk_krn_15071,15071,Stenkumla ny 220 kV-station,Regionerna Kronoberg Kalmar län Jönköpings län och Gotland,SE3;SE4,preparation,system_reinforcement,2030,2030,2030,in_service,SE,svk_nup_2026_2035,100,2026-05-03-svk-nup-10ar-v1,observed
svk_krn_14793,14793,Nybro–Hemsjö ny 400 kV-ledning,Regionerna Kronoberg Kalmar län Jönköpings län och Gotland,SE3;SE4,construction,market_integration,2027,2027,2027,in_service,SE,svk_nup_2026_2035,100,2026-05-03-svk-nup-10ar-v1,observed
svk_krn_14794,14794,Ekhyddan–Nybro–Hemsjö stationsåtgärder,Regionerna Kronoberg Kalmar län Jönköpings län och Gotland,SE3;SE4,construction,market_integration,2027,2028,2027-2028,in_service,SE,svk_nup_2026_2035,100,2026-05-03-svk-nup-10ar-v1,observed
svk_krn_15069,15069,Gotlandsförbindelsen,Regionerna Kronoberg Kalmar län Jönköpings län och Gotland,SE3;SE4,construction,system_reinforcement,2030,2030,2030,in_service,SE,svk_nup_2026_2035,100,2026-05-03-svk-nup-10ar-v1,observed
svk_ska_12434,12434,Ekhyddan och Hemsjö reaktorpaket,Regionerna Skåne och Blekinge,SE4,under_consideration,system_reinforcement,2028,2028,2028,in_service,SE,svk_nup_2026_2035,102,2026-05-03-svk-nup-10ar-v1,observed
svk_ska_11720,11720,Arrie stationsförnyelse och utbyggnad,Regionerna Skåne och Blekinge,SE4,under_consideration,reinvestment,2034,2034,2034,in_service,SE,svk_nup_2026_2035,102,2026-05-03-svk-nup-10ar-v1,observed
svk_ska_12820,12820,SwePol Link SCM uppgradering,Regionerna Skåne och Blekinge,SE4,under_consideration,reinvestment,2034,2034,2034,in_service,SE,svk_nup_2026_2035,102,2026-05-03-svk-nup-10ar-v1,observed
svk_ska_11173_hyllinge_station,11173,Hyllinge ny 400 kV-station,Regionerna Skåne och Blekinge,SE4,under_consideration,system_reinforcement,2035,2040,2035-2040,in_service,SE,svk_nup_2026_2035,102,2026-05-03-svk-nup-10ar-v1,observed
svk_ska_11173_hyllinge_tarstad,11173,Hyllinge–Tarstad ny 400 kV-ledning,Regionerna Skåne och Blekinge,SE4,under_consideration,system_reinforcement,2035,2040,2035-2040,in_service,SE,svk_nup_2026_2035,102,2026-05-03-svk-nup-10ar-v1,observed
svk_ska_11173_tarstad_harrie,11173,Tarstad–Harrie ny 400 kV-ledning,Regionerna Skåne och Blekinge,SE4,under_consideration,system_reinforcement,2035,2040,2035-2040,in_service,SE,svk_nup_2026_2035,102,2026-05-03-svk-nup-10ar-v1,observed
svk_ska_11173_barseback_harrie,11173,Barsebäck–Harrie ny 400 kV-ledning,Regionerna Skåne och Blekinge,SE4,under_consideration,system_reinforcement,2035,2040,2035-2040,in_service,SE,svk_nup_2026_2035,102,2026-05-03-svk-nup-10ar-v1,observed
svk_ska_11173_hurva_harrie,11173,Hurva–Harrie ny 400 kV-ledning,Regionerna Skåne och Blekinge,SE4,under_consideration,system_reinforcement,2035,2040,2035-2040,in_service,SE,svk_nup_2026_2035,102,2026-05-03-svk-nup-10ar-v1,observed
svk_ska_11173_hurva_station,11173,Hurva stationsutbyggnad,Regionerna Skåne och Blekinge,SE4,under_consideration,system_reinforcement,2035,2040,2035-2040,in_service,SE,svk_nup_2026_2035,102,2026-05-03-svk-nup-10ar-v1,observed
svk_ska_12470,12470,Hemsjö–Hurva ledningsförnyelse,Regionerna Skåne och Blekinge,SE4,under_consideration,reinvestment,2037,2037,2037,in_service,SE,svk_nup_2026_2035,102,2026-05-03-svk-nup-10ar-v1,observed
svk_ska_10101,10101,Interconnector DE–SWE,Regionerna Skåne och Blekinge,SE4,under_consideration,market_integration,2037,2045,2037-2045,in_service,SE,svk_nup_2026_2035,102,2026-05-03-svk-nup-10ar-v1,observed
svk_ska_11636,11636,Hemsjö–Hurva ny ledning,Regionerna Skåne och Blekinge,SE4,under_consideration,system_reinforcement,2038,2040,2038-2040,in_service,SE,svk_nup_2026_2035,102,2026-05-03-svk-nup-10ar-v1,observed
svk_ska_12586,12586,SwePol Link totalförnyelse,Regionerna Skåne och Blekinge,SE4,under_consideration,reinvestment,2040,2040,2040,in_service,SE,svk_nup_2026_2035,102,2026-05-03-svk-nup-10ar-v1,observed
svk_ska_11461,11461,Söderåsen–Kristinelund ledningsförnyelse,Regionerna Skåne och Blekinge,SE4,under_consideration,reinvestment,2043,2043,2043,in_service,SE,svk_nup_2026_2035,102,2026-05-03-svk-nup-10ar-v1,observed
svk_ska_11462,11462,Hurva–Barsebäck ledningsförnyelse,Regionerna Skåne och Blekinge,SE4,under_consideration,reinvestment,2043,2043,2043,in_service,SE,svk_nup_2026_2035,102,2026-05-03-svk-nup-10ar-v1,observed
svk_ska_11598,11598,Öresundskablarna ledningsförnyelse,Regionerna Skåne och Blekinge,SE4,preparation,reinvestment,2026,2026,2026,in_service,SE,svk_nup_2026_2035,102,2026-05-03-svk-nup-10ar-v1,observed
svk_ska_11389,11389,Sege anslutning av ny transformator,Regionerna Skåne och Blekinge,SE4,preparation,connection,2027,2027,2027,in_service,SE,svk_nup_2026_2035,102,2026-05-03-svk-nup-10ar-v1,observed
svk_ska_11638,11638,Skåne Sydost ny 400 kV-station,Regionerna Skåne och Blekinge,SE4,preparation,system_reinforcement,2036,2036,2036,in_service,SE,svk_nup_2026_2035,102,2026-05-03-svk-nup-10ar-v1,observed
svk_ska_11640,11640,Arrie–Skåne Sydost ny 400 kV-ledning,Regionerna Skåne och Blekinge,SE4,preparation,system_reinforcement,2036,2036,2036,in_service,SE,svk_nup_2026_2035,102,2026-05-03-svk-nup-10ar-v1,observed
svk_ska_11642,11642,Skåne Nordost ny 400 kV-station,Regionerna Skåne och Blekinge,SE4,preparation,system_reinforcement,2037,2037,2037,in_service,SE,svk_nup_2026_2035,102,2026-05-03-svk-nup-10ar-v1,observed
svk_ska_11644,11644,Skåne Nordost–Skåne Sydost ny 400 kV-ledning,Regionerna Skåne och Blekinge,SE4,preparation,system_reinforcement,2037,2037,2037,in_service,SE,svk_nup_2026_2035,102,2026-05-03-svk-nup-10ar-v1,observed
svk_ska_11646,11646,Sege stationsutbyggnad,Regionerna Skåne och Blekinge,SE4,preparation,system_reinforcement,2038,2038,2038,in_service,SE,svk_nup_2026_2035,102,2026-05-03-svk-nup-10ar-v1,observed
svk_ska_11648,11648,Sege–Arrie ny 400 kV-ledning,Regionerna Skåne och Blekinge,SE4,preparation,system_reinforcement,2038,2038,2038,in_service,SE,svk_nup_2026_2035,102,2026-05-03-svk-nup-10ar-v1,observed
svk_ska_11652,11652,Breared–Söderåsen ledningsförnyelse,Regionerna Skåne och Blekinge,SE4,construction,reinvestment,2026,2026,2026,in_service,SE,svk_nup_2026_2035,102,2026-05-03-svk-nup-10ar-v1,observed
svk_ska_14793,14793,Nybro–Hemsjö ny 400 kV-ledning,Regionerna Skåne och Blekinge,SE4,construction,market_integration,2027,2027,2027,in_service,SE,svk_nup_2026_2035,102,2026-05-03-svk-nup-10ar-v1,observed
svk_ska_14794,14794,Ekhyddan–Nybro–Hemsjö stationsåtgärder,Regionerna Skåne och Blekinge,SE4,construction,market_integration,2027,2028,2027-2028,in_service,SE,svk_nup_2026_2035,102,2026-05-03-svk-nup-10ar-v1,observed
